40,141,2023/10/28,5:34:58
38,188,2024/08/04,5:18:07
12,17,2024/07/01,5:57:55
14,78,2024/08/01,4:41:54
4,197,2024/07/26,10:07:14
23,184,2023/12/04,23:54:47
43,165,2024/05/13,6:31:54
45,7,2024/04/03,15:47:55
12,129,2024/07/30,15:29:10
26,97,2024/03/21,6:43:25
2,2,2024/05/14,21:43:27
43,106,2024/09/23,9:45:47
41,62,2023/11/21,3:19:02
2,32,2024/03/22,10:15:46
27,186,2024/05/21,2:07:04
46,65,2024/05/15,13:07:24
17,166,2023/09/08,18:51:51
40,76,2024/05/04,15:29:23
18,11,2023/09/03,6:43:37
32,10,2024/03/16,21:01:23
41,12,2023/12/17,13:30:21
29,70,2024/03/23,10:42:11
16,130,2024/08/23,8:47:37
40,193,2023/11/04,4:55:00
25,186,2023/10/28,15:18:47
9,89,2024/07/18,22:07:44
42,72,2024/01/16,4:40:57
40,37,2024/08/20,6:02:58
24,2,2023/11/26,12:48:33
33,149,2024/01/13,14:21:29
28,161,2023/09/13,5:00:56
44,155,2024/09/04,19:54:54
14,112,2023/09/07,3:11:16
21,5,2024/09/06,10:30:47
3,154,2024/06/16,0:09:32
36,13,2023/12/16,19:17:06
36,153,2024/01/24,6:29:52
7,92,2024/01/08,10:56:30
50,180,2024/05/13,6:06:08
40,99,2024/09/15,16:23:05
25,114,2023/12/21,13:02:03
45,187,2024/05/20,9:29:13
12,168,2024/06/26,11:51:02
4,6,2024/05/26,17:31:56
9,87,2023/10/21,6:41:00
3,137,2024/02/29,7:50:55
16,133,2023/12/31,2:00:44
43,130,2024/01/12,0:01:41
44,157,2023/10/13,7:17:47
32,148,2023/12/24,12:39:06
41,111,2024/06/25,0:45:17
39,118,2024/03/04,18:38:50
44,54,2023/12/04,9:40:48
1,121,2024/01/21,22:09:19
49,93,2024/09/02,2:51:47
35,158,2023/12/04,2:37:33
31,129,2024/02/08,4:29:54
41,41,2024/02/02,10:25:21
43,141,2024/02/28,16:17:05
9,68,2023/10/30,23:01:31
6,140,2024/08/08,17:04:55
34,16,2023/12/09,17:43:12
12,40,2024/03/02,3:49:06
31,34,2023/10/20,2:12:57
30,72,2024/06/12,3:32:47
8,179,2024/05/25,18:26:11
12,130,2024/06/20,22:36:38
26,198,2024/06/15,5:42:30
45,39,2024/06/26,9:47:09
30,51,2024/02/25,16:09:16
42,125,2024/01/27,22:26:44
30,146,2024/05/07,2:20:58
50,59,2024/08/08,0:41:43
22,132,2024/03/03,15:45:20
27,112,2024/06/27,5:33:18
46,151,2023/11/25,4:59:11
10,98,2024/07/28,4:48:15
2,35,2023/12/20,1:09:48
37,24,2024/06/07,22:08:21
12,118,2024/08/03,3:28:09
1,117,2024/03/19,16:43:59
24,162,2024/03/22,9:44:32
33,91,2024/09/04,15:27:13
6,26,2024/06/11,7:03:23
20,53,2024/05/05,22:42:59
21,108,2024/04/02,23:35:44
49,11,2023/11/28,9:56:12
34,149,2024/05/09,15:41:44
18,125,2024/06/29,9:33:03
46,30,2023/10/04,12:58:31
41,148,2024/05/09,10:04:03
38,30,2024/09/06,21:56:03
49,197,2024/03/24,20:36:29
7,150,2024/01/28,1:59:46
47,107,2024/03/09,1:37:24
43,150,2024/04/26,7:32:53
20,199,2024/08/26,11:17:30
47,89,2024/08/07,15:55:31
7,6,2024/08/17,12:52:40
49,85,2024/01/15,5:14:17
26,168,2024/02/27,6:42:13
20,174,2024/06/13,21:06:29
17,35,2023/11/11,17:54:24
45,8,2024/02/18,5:41:43
17,42,2023/10/09,17:17:06
43,90,2024/08/13,15:58:52
49,25,2023/09/06,12:33:06
13,96,2024/04/05,2:15:25
39,17,2023/09/29,23:52:02
30,57,2023/11/08,15:27:09
19,44,2024/05/08,23:28:34
15,165,2024/06/25,23:43:10
13,37,2024/07/23,7:41:02
23,178,2024/03/01,1:31:22
24,163,2024/05/07,13:51:44
38,73,2023/12/21,9:22:38
20,29,2024/02/18,15:50:38
4,14,2024/08/13,14:16:32
29,131,2024/03/21,11:45:44
24,21,2024/06/04,0:25:53
27,98,2023/12/18,13:20:28
5,145,2024/08/17,4:03:16
20,66,2024/03/04,9:41:13
45,73,2024/07/06,10:42:13
32,110,2023/12/01,15:56:26
49,165,2024/03/04,17:10:48
42,171,2024/01/26,3:59:48
19,30,2024/04/17,13:52:25
45,63,2023/11/22,18:25:08
28,89,2024/02/25,17:20:34
39,19,2024/03/15,19:03:51
32,177,2023/12/25,5:46:45
21,199,2024/09/15,10:18:33
50,166,2024/08/22,1:28:40
4,112,2024/04/12,12:56:34
8,150,2024/07/20,13:29:17
38,85,2024/09/25,19:04:09
1,30,2023/11/09,5:29:33
49,38,2024/01/23,16:21:23
25,44,2024/03/30,1:28:51
20,48,2024/05/24,16:18:18
2,121,2024/04/14,13:27:26
12,76,2024/05/17,0:04:33
30,70,2024/08/18,18:29:09
36,145,2024/07/25,1:15:10
24,131,2024/07/05,5:23:53
27,97,2024/04/10,18:30:31
27,153,2023/09/18,17:48:10
37,134,2024/02/03,18:57:30
38,47,2024/02/29,0:19:16
31,124,2024/05/30,2:25:17
10,24,2024/06/21,4:41:23
13,88,2024/01/19,2:16:48
2,27,2024/01/22,22:35:28
13,27,2024/06/13,2:34:54
31,55,2024/06/04,14:05:25
1,191,2023/11/02,18:35:50
17,38,2023/10/09,1:47:07
33,160,2024/07/08,0:09:18
4,37,2023/12/24,8:21:14
18,129,2024/09/23,8:54:41
13,129,2024/09/12,23:10:51
14,104,2024/06/24,22:54:59
49,97,2024/01/19,13:58:15
17,197,2024/05/18,5:48:07
20,59,2024/01/17,23:30:15
31,100,2024/01/26,15:54:19
13,120,2024/03/08,5:07:41
27,99,2024/09/02,6:52:47
8,88,2024/03/07,3:57:34
38,116,2024/02/15,7:16:52
35,94,2023/09/29,5:37:19
7,87,2023/12/05,16:56:07
18,83,2023/11/18,6:09:19
19,167,2024/07/29,15:32:14
6,2,2023/09/20,1:42:30
48,120,2023/12/19,23:18:48
16,163,2023/11/13,1:34:05
1,195,2024/09/22,14:04:34
10,160,2024/06/22,11:09:25
10,143,2024/08/07,2:56:11
24,182,2023/12/03,0:30:19
31,46,2023/09/03,17:38:11
12,191,2024/04/24,4:58:59
6,80,2024/07/08,5:17:46
46,183,2023/10/02,1:26:53
37,19,2024/02/28,1:15:33
7,156,2024/07/24,18:10:09
47,190,2023/09/14,21:33:39
43,89,2024/06/15,18:34:33
43,84,2024/01/22,20:49:22
4,2,2023/12/26,8:16:33
3,4,2024/04/26,5:12:52
40,110,2024/01/24,13:57:52
47,99,2024/09/23,9:24:48
44,24,2024/05/08,1:34:04
9,155,2024/07/30,10:24:42
8,144,2023/10/17,14:57:23
26,107,2024/09/18,16:29:39
9,68,2024/01/01,11:29:36
21,141,2024/09/05,21:17:29
45,160,2024/01/02,17:06:03
39,128,2024/07/12,8:25:11
42,5,2024/06/12,23:31:36
30,62,2024/08/09,4:31:37
30,62,2024/05/26,13:35:37
36,177,2024/09/20,7:48:59
30,109,2024/04/02,2:26:36
16,38,2024/07/19,3:21:55
46,177,2024/06/02,8:16:07
11,181,2024/04/08,19:16:13
33,10,2024/02/07,1:45:20
3,164,2024/04/26,0:05:16
24,196,2024/03/17,6:59:22
26,61,2023/12/11,3:15:43
29,156,2024/02/29,9:57:08
33,125,2023/09/08,2:55:09
48,27,2024/09/02,19:59:57
7,35,2023/09/03,18:40:53
2,76,2023/09/23,13:43:34
20,135,2024/06/02,16:26:37
27,190,2023/10/30,7:01:52
19,65,2024/03/31,11:55:12
19,68,2024/03/31,18:06:42
12,45,2023/11/12,19:33:50
40,134,2024/06/19,5:31:33
33,131,2024/04/14,11:47:31
49,130,2024/01/15,17:35:12
18,64,2023/10/06,7:30:15
19,173,2023/12/12,22:21:46
15,55,2024/08/13,5:37:20
19,158,2023/10/28,15:52:11
15,115,2023/09/05,6:41:22
49,81,2024/07/11,19:33:08
39,164,2024/03/23,7:24:17
18,199,2023/10/19,0:53:12
16,61,2024/02/09,11:04:38
37,6,2024/01/26,0:49:33
16,80,2024/07/23,18:33:05
6,8,2024/03/27,21:36:13
24,157,2024/03/13,5:32:24
47,51,2024/09/07,0:41:42
39,76,2023/12/27,9:36:11
32,118,2024/07/25,0:24:28
25,100,2024/03/14,18:36:31
33,17,2024/03/07,13:18:43
41,38,2023/12/25,21:08:47
29,23,2024/04/18,5:54:53
44,33,2024/09/02,5:24:44
26,10,2024/05/06,10:01:27
17,152,2024/01/30,7:41:19
9,20,2024/06/09,5:51:44
47,48,2023/12/31,17:15:43
24,13,2023/12/11,9:35:00
50,106,2024/07/08,18:35:37
29,112,2024/07/19,8:46:21
34,8,2024/01/19,15:18:22
47,12,2024/06/18,14:24:41
24,85,2024/02/04,19:57:53
34,93,2023/11/27,21:00:32
22,42,2024/08/29,7:50:22
12,129,2023/10/08,3:08:26
8,72,2024/08/15,19:37:59
1,46,2024/06/02,2:24:40
11,128,2024/07/17,21:53:46
4,168,2023/10/17,8:16:41
14,26,2024/09/22,23:34:20
16,35,2024/08/04,0:22:11
3,142,2024/05/11,19:24:14
22,34,2023/09/04,12:23:49
25,42,2024/03/20,11:11:45
26,197,2024/03/05,19:05:46
39,40,2024/02/28,14:21:48
30,21,2024/05/27,5:50:25
9,49,2024/08/04,12:16:45
8,155,2024/09/11,7:19:08
9,35,2023/09/21,21:03:11
24,89,2023/11/11,13:49:59
36,118,2023/12/19,1:33:28
7,47,2023/09/14,6:19:33
16,174,2024/08/27,10:43:44
14,126,2023/10/05,16:00:15
7,151,2024/05/25,13:52:42
41,18,2024/08/06,13:26:42
5,55,2024/04/30,18:48:35
36,89,2024/02/17,6:00:31
39,107,2024/07/04,8:27:26
20,114,2024/04/05,19:40:33
50,200,2023/09/08,0:05:02
33,133,2024/08/26,0:29:28
50,86,2024/06/04,6:34:59
5,20,2024/06/19,6:38:23
44,27,2023/10/22,13:38:24
28,134,2024/07/09,10:48:56
23,20,2024/05/08,21:23:08
25,37,2023/11/13,1:15:17
29,199,2023/10/20,6:31:47
29,25,2023/09/20,3:10:31
48,53,2024/05/29,16:19:50
31,97,2023/11/25,3:05:55
40,51,2023/11/05,8:42:31
35,14,2024/05/06,11:26:58
26,112,2024/06/07,5:40:49
39,72,2024/06/06,22:40:31
44,123,2024/08/08,21:13:29
11,30,2024/01/27,7:56:51
21,52,2024/03/12,17:42:26
17,70,2023/12/23,1:37:17
47,70,2023/09/02,13:10:36
8,177,2024/05/09,4:29:52
46,40,2024/04/01,13:32:57
19,109,2024/03/29,6:36:56
15,135,2024/08/06,4:33:25
5,198,2024/06/15,23:03:26
4,126,2024/07/15,2:15:35
41,174,2024/02/16,14:12:25
17,139,2024/03/05,7:06:07
50,76,2023/10/24,13:46:49
3,43,2023/09/30,17:56:44
2,82,2024/06/30,1:50:24
47,117,2024/05/30,4:08:19
37,70,2024/09/28,13:07:32
10,145,2023/10/16,17:39:03
11,98,2024/06/21,22:33:54
9,161,2024/06/16,12:45:04
12,166,2024/03/23,19:07:36
25,68,2024/04/11,5:16:33
22,53,2024/04/17,9:56:47
31,182,2023/09/04,2:18:46
34,34,2023/12/08,21:16:01
2,177,2023/11/26,4:22:14
43,199,2024/01/19,23:20:58
8,169,2024/02/15,9:09:01
17,198,2024/01/15,17:43:37
5,4,2023/09/08,18:11:34
27,93,2024/05/01,14:17:26
24,183,2024/03/02,5:32:15
39,88,2024/04/23,8:33:17
31,168,2024/03/21,14:30:23
20,70,2024/05/06,22:23:37
11,98,2024/03/10,14:08:09
45,152,2024/03/25,3:44:34
29,169,2024/01/13,20:06:33
46,185,2024/06/14,8:10:37
25,98,2024/07/10,4:35:54
18,14,2023/09/22,13:03:32
17,127,2023/12/30,2:23:27
25,142,2023/12/08,12:01:21
45,182,2024/09/18,12:04:20
10,25,2023/11/29,12:47:01
40,23,2024/05/30,19:24:42
30,2,2023/09/07,21:02:15
27,55,2023/12/09,16:42:03
22,15,2023/11/14,22:57:51
22,81,2024/06/27,17:13:40
12,72,2024/08/10,18:13:24
50,136,2024/01/08,21:57:39
31,122,2024/03/24,8:36:33
23,48,2024/03/07,19:54:15
35,65,2024/09/21,2:12:06
25,82,2024/01/07,12:36:56
39,77,2024/03/10,22:53:34
25,44,2024/07/19,4:26:07
7,193,2024/06/09,7:06:16
33,144,2024/09/29,12:51:04
32,69,2024/07/18,20:28:31
35,37,2024/02/20,7:06:02
44,73,2023/09/12,3:55:50
23,40,2024/03/07,15:18:19
32,99,2024/07/20,0:51:21
9,116,2024/06/05,14:40:12
45,86,2024/06/08,16:23:22
40,48,2024/03/24,7:49:13
14,137,2023/11/27,12:01:32
36,112,2024/02/05,7:49:50
28,99,2024/01/04,19:53:56
16,93,2024/02/18,0:37:22
36,40,2024/01/05,8:20:45
33,41,2024/09/05,2:47:12
46,156,2024/01/05,23:10:48
27,81,2024/05/01,8:24:38
10,126,2024/04/21,6:39:26
37,194,2023/10/08,22:26:12
48,111,2024/01/14,13:03:47
46,52,2024/06/06,6:52:04
50,102,2024/01/11,1:29:03
30,33,2023/11/19,10:32:30
43,130,2023/10/01,23:14:50
3,97,2024/02/13,18:03:34
13,200,2023/10/10,23:10:05
47,6,2024/02/27,23:31:00
8,164,2024/01/02,11:46:17
40,21,2024/04/24,23:50:17
44,121,2024/01/23,2:51:17
45,142,2023/11/08,10:18:53
28,48,2024/03/02,2:33:10
8,82,2024/01/13,18:40:14
19,17,2023/12/02,16:35:24
5,37,2024/04/12,9:44:23
22,139,2024/02/18,5:35:21
34,101,2024/04/12,14:56:48
50,52,2023/11/30,6:43:22
28,61,2024/03/26,10:22:51
32,160,2024/04/24,0:55:09
11,94,2024/06/05,10:32:08
8,46,2024/07/17,20:35:57
4,34,2024/01/18,10:00:54
22,20,2024/09/20,17:00:12
9,125,2023/10/08,1:30:08
20,25,2024/04/10,9:31:19
35,128,2024/08/07,20:51:51
8,129,2024/08/04,11:53:36
11,186,2024/03/30,8:18:50
43,192,2024/03/15,22:48:49
25,155,2024/07/18,11:22:59
6,12,2024/03/13,19:22:00
39,115,2024/03/05,19:21:34
18,194,2024/07/31,4:56:38
2,7,2023/10/23,23:01:15
43,62,2024/01/28,14:55:16
33,35,2023/11/22,8:31:51
38,119,2024/08/24,1:34:54
15,150,2024/08/23,1:11:10
8,150,2024/01/18,8:13:56
44,27,2023/09/23,18:39:53
15,29,2024/03/27,10:09:46
29,3,2023/12/06,12:51:27
42,194,2024/05/13,11:10:25
34,156,2024/06/06,22:31:21
7,69,2024/06/01,22:50:59
26,19,2024/04/29,21:57:35
45,89,2023/12/05,4:35:40
42,84,2024/02/10,2:39:30
8,130,2023/10/20,16:30:58
46,77,2023/12/12,15:42:31
7,145,2024/05/23,20:48:39
49,173,2023/12/26,19:02:38
37,20,2024/06/04,4:36:32
33,200,2024/07/02,17:17:25
44,30,2024/05/02,0:53:43
8,150,2024/07/21,20:10:48
6,131,2023/11/29,11:47:32
20,123,2024/07/30,7:28:21
35,55,2024/04/11,10:43:06
36,191,2024/04/28,19:28:38
49,111,2024/07/31,12:08:14
15,127,2023/10/10,6:03:41
2,7,2023/12/03,21:12:13
36,142,2024/09/03,5:30:33
33,117,2023/09/19,20:39:37
3,116,2023/12/26,5:22:08
48,52,2024/09/24,1:56:19
43,27,2023/09/30,9:16:40
40,72,2024/05/10,12:28:15
27,56,2023/09/03,20:49:31
17,62,2024/05/12,11:24:50
40,33,2024/04/14,10:53:16
28,81,2024/05/12,3:52:11
20,15,2024/01/31,7:00:11
29,82,2024/04/29,8:30:24
15,161,2024/04/14,10:36:03
22,130,2023/10/11,8:37:16
11,44,2024/05/17,14:16:27
5,194,2024/02/02,10:40:37
2,77,2024/09/02,22:54:38
41,185,2024/04/28,7:50:36
36,140,2024/03/25,5:29:21
1,136,2024/01/02,21:46:16
30,169,2024/04/26,0:04:22
8,175,2024/04/09,16:04:21
2,10,2024/05/18,3:17:28
37,98,2023/10/21,22:07:33
15,123,2024/02/10,12:04:32
22,39,2023/10/01,1:54:50
47,190,2023/11/15,20:06:01
42,83,2023/12/01,10:05:13
38,12,2024/02/10,20:50:08
35,9,2024/09/01,7:12:39
13,186,2024/08/06,18:43:52
50,132,2024/01/29,14:17:07
37,132,2024/05/14,7:25:26
27,146,2024/08/04,20:32:23
7,183,2024/01/18,16:26:47
37,126,2024/07/07,17:00:38
30,121,2024/01/05,8:24:50
28,2,2024/02/03,14:45:58
41,200,2023/10/21,13:08:28
32,176,2023/12/11,20:14:39
23,185,2023/11/13,7:08:28
32,39,2024/09/24,9:49:51
38,188,2023/11/26,19:29:28
47,16,2024/05/13,14:14:29
48,158,2024/03/29,23:33:31
32,170,2023/10/27,19:24:02
37,127,2023/12/14,23:15:27
21,26,2024/03/03,5:22:23
38,180,2024/07/22,15:00:35
10,95,2024/02/10,2:14:31
46,79,2024/05/22,21:35:57
2,94,2024/06/12,12:18:23
35,33,2024/09/12,16:16:24
36,130,2023/10/11,20:48:36
29,158,2024/01/14,17:04:49
43,77,2024/05/21,4:37:13
15,21,2024/09/22,10:21:49
5,107,2023/09/06,8:20:33
41,105,2024/08/27,1:29:50
19,158,2023/10/01,18:15:23
48,135,2024/05/26,1:53:08
23,177,2024/06/01,17:41:27
18,53,2024/05/10,4:21:49
35,182,2024/09/24,3:42:58
24,135,2024/02/22,20:45:34
25,40,2024/02/13,19:03:08
21,52,2024/07/10,23:10:25
33,182,2024/05/03,4:58:59
1,194,2024/03/10,22:15:46
32,124,2024/07/09,3:11:54
25,161,2024/01/20,21:08:04
47,150,2024/04/21,19:11:43
1,15,2024/01/15,19:34:56
38,15,2023/11/15,23:57:26
9,58,2023/12/18,12:39:52
9,178,2023/10/22,9:03:36
17,18,2023/11/25,2:01:42
11,13,2024/09/25,3:52:57
13,129,2023/09/24,3:53:11
41,160,2023/11/28,15:00:29
35,135,2023/10/25,17:36:56
36,91,2024/05/15,2:28:46
25,47,2024/04/05,13:50:37
13,124,2023/11/07,8:46:46
11,79,2023/11/17,13:03:39
16,166,2024/01/07,19:00:58
30,194,2023/09/20,18:55:10
26,85,2024/01/19,3:18:17
7,8,2024/05/07,4:16:34
35,42,2024/08/14,15:55:26
37,157,2023/10/04,4:19:28
16,100,2024/02/21,7:23:49
13,59,2024/06/08,2:10:25
16,47,2024/05/21,9:53:52
43,118,2024/03/30,3:41:36
18,49,2024/04/12,9:53:07
42,85,2024/06/05,11:30:51
48,48,2024/03/14,17:42:52
18,22,2024/05/30,15:22:10
6,139,2023/11/16,4:34:55
21,151,2024/03/18,18:49:24
23,32,2024/08/09,11:42:59
15,5,2023/10/23,19:10:39
10,80,2024/04/15,7:19:34
32,37,2023/10/11,21:35:58
22,42,2024/02/05,12:32:00
5,107,2024/08/26,20:35:04
22,81,2023/12/31,2:56:17
4,105,2024/03/15,23:06:04
48,36,2023/10/28,4:31:20
33,88,2023/09/01,17:17:51
18,30,2023/11/12,6:54:37
3,4,2024/05/12,20:41:50
26,79,2023/10/11,20:14:34
44,153,2023/10/07,4:16:48
12,83,2023/11/29,6:16:11
29,103,2024/04/05,2:18:57
44,172,2024/09/14,12:46:15
18,117,2024/04/23,10:51:48
26,176,2024/06/06,6:57:42
42,78,2023/11/06,4:25:08
41,115,2023/10/25,4:22:06
13,39,2024/06/07,18:10:39
16,74,2023/12/13,18:15:28
8,165,2024/06/24,1:36:09
17,86,2023/12/07,22:06:49
13,61,2024/06/01,14:20:19
47,67,2024/08/05,6:37:33
10,115,2024/09/26,11:32:44
12,42,2023/11/15,13:15:21
8,128,2024/03/17,13:00:06
47,128,2024/01/03,18:07:02
12,29,2024/03/30,21:09:23
31,108,2024/07/22,14:30:28
22,52,2024/04/16,19:58:11
15,9,2023/09/20,10:08:56
42,14,2024/09/07,1:13:16
2,142,2024/02/03,8:48:26
3,190,2023/11/09,2:31:24
4,197,2024/07/14,3:07:18
13,153,2024/07/30,15:22:34
13,22,2023/09/09,12:34:56
17,165,2023/10/12,23:25:02
6,159,2023/12/17,2:10:05
35,133,2024/04/19,22:35:09
22,46,2024/02/09,4:37:32
41,155,2023/11/01,13:29:52
27,183,2024/01/02,16:25:45
8,120,2024/01/12,1:43:54
29,112,2023/10/30,14:32:26
46,100,2024/03/11,22:41:43
44,54,2023/11/01,10:10:17
47,9,2024/05/20,4:13:33
44,188,2023/10/01,16:20:22
49,78,2024/03/29,9:34:24
37,158,2024/01/11,16:25:34
20,51,2024/04/01,16:45:23
22,194,2024/05/31,9:46:39
11,8,2024/05/08,5:55:03
49,199,2024/01/19,5:28:22
35,55,2024/06/13,13:29:01
41,120,2024/02/20,6:15:38
38,186,2023/09/16,18:31:18
26,16,2024/01/09,7:44:38
36,163,2024/05/25,2:07:20
38,165,2024/04/08,5:27:54
31,187,2024/02/23,11:49:28
44,149,2024/04/27,22:01:22
4,137,2023/09/06,3:24:37
26,107,2024/03/03,12:31:38
42,8,2024/03/10,13:31:30
7,91,2024/04/01,15:22:19
37,42,2024/05/16,23:36:20
6,42,2023/09/02,22:36:04
33,110,2024/05/05,17:34:44
20,90,2024/09/16,21:36:03
36,103,2023/12/05,12:01:50
23,61,2024/08/25,16:26:06
13,176,2023/09/22,17:40:04
21,2,2023/10/30,20:05:33
47,143,2024/09/21,7:17:08
28,142,2024/09/10,21:45:11
18,160,2024/06/30,2:09:41
7,129,2023/12/03,7:59:22
28,98,2024/03/14,19:04:47
12,200,2023/09/17,23:11:06
49,117,2024/05/08,20:57:17
26,146,2024/03/01,20:21:39
23,183,2023/09/18,20:59:57
29,62,2024/05/06,16:54:14
12,111,2024/02/27,1:42:38
6,1,2023/12/01,19:07:06
1,65,2023/10/15,9:09:48
1,138,2024/05/22,12:49:23
17,130,2024/01/17,17:00:36
41,95,2023/09/22,22:18:31
50,106,2024/01/27,22:16:37
3,47,2024/05/28,6:07:54
41,68,2024/07/03,7:28:26
22,61,2023/09/09,21:58:41
24,106,2023/10/02,3:20:28
22,97,2023/12/17,21:01:52
45,40,2023/10/13,5:38:35
1,56,2024/08/11,15:14:24
49,161,2024/08/26,11:19:54
16,179,2024/02/16,18:30:28
41,109,2024/06/01,0:39:11
9,123,2024/04/20,19:04:12
45,1,2024/02/15,4:48:59
37,42,2024/03/27,4:57:44
33,11,2024/03/06,22:19:03
20,86,2024/07/20,23:27:38
43,176,2024/04/18,19:39:54
5,3,2023/09/21,20:40:02
47,97,2024/08/10,17:18:32
25,135,2024/09/23,16:30:58
44,177,2024/08/07,22:42:06
24,162,2024/07/01,19:44:30
10,6,2023/09/17,23:56:02
4,137,2024/04/19,13:54:31
29,101,2024/05/17,14:10:38
18,90,2024/08/14,1:46:36
5,5,2024/04/16,4:51:32
38,169,2023/11/03,17:13:35
35,127,2024/08/12,17:09:16
41,161,2024/05/22,9:27:13
6,29,2024/09/13,12:13:01
10,167,2024/05/23,12:08:17
26,75,2024/02/20,0:07:09
40,127,2024/07/12,12:26:45
17,146,2024/05/21,20:41:17
46,187,2024/03/30,1:13:23
46,5,2023/09/10,20:10:49
10,110,2023/09/30,2:03:29
38,111,2024/04/13,1:18:07
4,24,2024/06/07,8:01:45
28,145,2024/02/18,21:48:13
21,141,2024/08/13,2:10:05
49,80,2024/06/15,17:12:35
11,97,2023/11/23,6:38:51
38,68,2024/03/26,12:11:29
8,10,2024/01/30,20:36:23
32,155,2023/10/04,1:35:19
33,195,2024/02/17,19:17:29
44,119,2024/07/19,19:15:37
41,12,2023/11/03,4:07:02
4,101,2024/01/08,0:14:36
27,4,2023/12/17,12:06:53
22,83,2024/08/19,1:34:15
4,32,2024/07/22,8:46:19
17,29,2024/01/01,18:48:08
34,79,2024/09/22,14:16:35
20,111,2023/10/20,9:15:47
27,153,2024/06/19,0:39:06
37,185,2023/12/16,22:19:38
29,164,2023/12/26,3:23:27
34,178,2023/10/01,9:45:05
18,116,2023/12/25,7:57:08
35,9,2024/02/20,19:08:14
48,87,2024/01/21,20:27:55
16,86,2024/02/24,3:57:33
14,184,2023/11/27,4:17:06
27,9,2024/08/24,8:31:14
18,153,2024/01/18,20:23:59
27,137,2024/09/14,3:34:10
14,157,2024/08/07,20:35:22
47,4,2024/01/19,16:03:09
19,83,2023/11/13,12:14:10
25,121,2024/06/08,23:14:51
47,109,2024/06/26,20:47:38
21,46,2024/03/08,23:19:05
10,110,2023/12/02,13:33:11
43,30,2024/05/27,18:10:58
48,177,2024/02/14,4:23:55
45,188,2023/10/21,10:57:43
13,19,2023/11/04,8:45:31
37,51,2024/02/22,22:29:05
13,151,2024/08/15,6:59:03
2,35,2023/09/07,21:54:08
24,154,2024/01/22,17:22:07
34,80,2023/10/15,2:54:48
18,104,2023/12/20,23:12:29
23,20,2024/08/09,16:35:18
2,164,2024/06/20,3:10:47
32,152,2024/02/19,17:02:12
43,145,2024/06/03,0:42:27
44,32,2024/09/28,5:56:21
21,67,2023/10/23,2:24:16
20,35,2024/04/29,23:15:07
44,102,2023/11/10,0:29:11
21,118,2023/09/02,23:44:12
25,80,2023/11/04,23:36:05
8,59,2024/05/01,11:40:54
25,84,2024/08/06,6:36:41
2,169,2024/08/14,15:28:20
36,69,2024/08/28,3:27:34
12,26,2024/02/02,7:48:53
23,72,2024/03/23,14:32:26
21,146,2023/11/16,23:01:44
46,64,2024/04/01,8:49:22
41,76,2024/09/15,23:26:17
23,42,2024/09/01,3:08:02
50,54,2024/06/13,5:49:00
34,176,2024/08/23,16:41:16
10,179,2023/12/16,11:35:01
45,178,2024/05/21,6:49:23
4,99,2024/01/19,23:10:28
25,121,2023/09/05,6:24:09
18,133,2024/05/05,15:09:31
18,80,2024/06/22,17:42:41
17,95,2024/03/19,21:57:40
28,106,2023/12/08,9:34:58
2,126,2024/08/19,17:54:40
43,94,2023/10/25,2:08:01
22,82,2023/10/11,7:33:31
33,156,2024/02/20,15:47:21
39,170,2024/09/06,11:06:16
24,60,2024/02/11,2:24:12
31,193,2024/04/14,19:01:02
36,42,2024/09/27,10:22:24
43,62,2024/04/26,14:35:28
30,30,2024/02/10,16:18:25
10,19,2024/01/08,20:19:39
48,134,2024/09/07,7:21:43
35,33,2024/04/09,4:42:57
20,13,2024/09/15,2:07:07
24,54,2024/03/29,23:29:25
38,128,2024/09/25,14:41:47
39,148,2024/01/26,23:22:16
17,45,2023/11/22,22:11:06
8,25,2024/01/08,20:04:56
3,193,2024/08/29,14:52:00
41,189,2024/08/22,14:17:29
34,113,2023/12/10,17:19:29
46,96,2024/07/07,13:41:07
31,189,2023/10/13,23:39:13
27,154,2024/03/04,3:13:17
23,183,2023/12/09,19:22:08
2,105,2024/03/20,12:56:35
26,14,2023/09/03,23:00:56
15,18,2024/04/06,8:12:49
37,170,2023/09/18,2:11:02
19,81,2023/12/21,12:47:18
48,99,2024/05/14,1:03:43
8,130,2024/08/05,22:46:59
41,15,2024/06/12,16:22:59
36,43,2024/01/09,20:33:42
33,15,2024/08/05,3:31:59
6,100,2024/02/17,14:09:55
34,147,2024/02/23,19:18:19
25,75,2024/03/02,8:19:07
15,103,2023/10/01,0:29:26
46,124,2024/02/03,11:15:17
18,100,2024/01/25,10:25:46
4,36,2024/01/19,5:49:50
47,140,2024/02/05,1:25:46
49,190,2024/01/14,13:56:16
17,23,2023/10/31,20:35:58
47,84,2024/05/22,19:05:18
49,45,2023/12/02,2:19:56
27,197,2023/09/02,12:10:47
8,81,2024/03/20,7:04:00
24,35,2023/09/12,23:28:31
14,33,2024/03/24,18:52:28
11,182,2024/05/25,11:14:34
25,6,2024/08/11,4:38:17
23,39,2024/05/25,1:21:24
11,15,2024/07/25,2:29:40
46,58,2023/12/12,22:10:37
31,12,2024/02/25,2:16:04
36,79,2024/01/15,13:42:38
7,111,2024/04/21,13:49:25
33,138,2024/01/06,23:50:11
26,120,2024/04/15,5:04:26
5,33,2024/04/13,8:24:07
18,55,2023/12/17,14:10:16
2,146,2023/12/28,2:35:57
9,179,2024/04/29,22:26:14
5,96,2023/12/26,14:53:22
45,79,2024/04/04,5:34:31
4,164,2023/12/24,7:18:46
43,31,2023/09/15,22:08:16
31,113,2024/06/04,19:52:31
32,179,2024/07/26,9:57:13
1,50,2024/09/23,9:32:34
48,44,2024/01/17,19:41:24
47,93,2023/12/16,3:11:30
41,47,2024/08/17,5:32:11
22,177,2024/08/03,10:22:16
7,165,2024/08/25,4:43:38
22,12,2024/07/20,1:57:42
3,23,2024/08/08,14:53:12
14,26,2023/12/02,14:09:00
26,87,2024/02/13,1:48:43
36,141,2024/08/20,10:17:56
8,47,2024/08/23,11:56:05
25,198,2024/01/30,5:39:20
17,5,2024/06/05,13:02:22
6,93,2024/01/11,5:14:32
20,6,2024/07/07,18:16:49
40,59,2023/09/15,16:03:46
26,104,2024/08/04,12:11:03
23,92,2024/09/15,14:47:32
9,45,2023/09/16,4:47:07
16,8,2023/10/07,4:20:11
17,185,2023/12/07,13:01:04
46,149,2024/08/17,14:26:11
8,27,2024/05/18,12:34:38
12,101,2023/12/20,17:39:33
42,103,2024/04/07,21:30:28
6,132,2023/11/04,3:43:46
17,80,2024/05/24,0:06:36
43,109,2024/05/25,10:43:48
40,65,2024/05/27,15:21:04
1,106,2024/01/16,20:15:12
3,90,2024/08/31,0:22:46
30,167,2024/07/28,14:40:37
6,48,2024/05/13,2:39:05
26,147,2024/01/25,22:44:20
2,105,2024/08/06,22:04:28
31,109,2023/10/29,14:58:33
12,65,2024/06/07,8:24:22
42,157,2023/10/03,12:39:59
21,161,2023/12/02,10:51:43
26,120,2024/05/02,6:40:10
31,100,2024/07/26,6:00:59
41,35,2024/08/15,8:00:57
21,70,2024/04/20,14:06:49
12,199,2024/04/09,9:46:38
12,182,2024/03/21,14:15:42
49,56,2024/07/11,8:36:34
3,3,2024/07/09,22:01:10
36,153,2023/10/25,19:52:48
18,13,2024/09/06,21:18:45
21,63,2023/10/19,19:31:58
11,70,2023/10/19,12:24:39
42,144,2024/06/26,20:00:23
21,180,2023/09/19,10:25:34
16,43,2023/11/17,19:23:43
27,4,2023/12/23,1:26:40
43,137,2024/01/15,1:15:17
33,115,2024/08/26,18:04:03
31,67,2023/12/07,19:29:06
25,101,2024/06/09,15:57:02
21,88,2024/03/05,6:51:53
39,112,2023/09/26,3:21:36
6,183,2024/09/23,22:37:36
22,120,2024/09/02,15:26:18
46,187,2024/03/03,10:22:33
14,170,2024/08/04,8:09:12
32,109,2024/01/14,10:25:04
25,157,2024/08/16,10:30:01
21,153,2024/02/11,22:33:37
45,72,2023/11/11,17:10:43
4,145,2023/09/29,18:04:28
11,138,2024/03/17,20:33:41
19,29,2024/07/10,13:14:32
22,123,2024/04/05,20:26:22
24,191,2023/12/30,4:00:12
22,132,2024/07/30,19:26:57
19,88,2024/09/29,16:57:20
29,121,2024/07/13,21:15:47
47,134,2024/02/21,9:51:00
2,167,2023/10/10,9:51:49
41,37,2024/02/02,17:23:11
47,42,2024/07/12,5:50:29
10,68,2024/08/23,19:37:17
50,110,2024/07/29,13:53:01
44,103,2023/12/01,4:25:26
21,65,2024/09/11,22:36:11
6,77,2024/02/14,13:11:00
28,164,2023/12/20,23:11:32
44,158,2024/07/31,5:34:43
9,199,2024/03/12,9:26:14
9,165,2024/02/01,9:48:40
13,80,2023/09/23,1:53:50
21,155,2024/01/13,7:54:07
36,146,2024/04/21,6:40:31
24,8,2024/01/27,4:45:13
7,74,2024/01/19,6:32:58
44,125,2023/11/27,4:56:42
19,175,2024/05/13,14:40:11
34,147,2023/12/03,12:06:43
21,149,2023/10/21,23:53:39
8,144,2024/02/19,10:14:47
34,58,2024/07/17,12:26:16
49,119,2024/01/01,18:54:53
12,66,2023/11/24,5:38:20
7,42,2023/10/01,14:09:20
39,33,2023/10/19,6:24:54
50,1,2024/06/03,19:51:43
48,141,2024/09/07,20:00:30
46,47,2024/09/19,2:10:11
16,193,2024/08/18,10:14:56
32,4,2023/10/30,22:38:28
4,154,2023/10/29,8:14:41
31,110,2023/10/03,17:44:29
4,9,2024/06/10,5:48:50
17,184,2023/12/08,1:01:33
34,21,2024/09/13,2:44:05
43,191,2023/09/11,22:28:25
50,42,2023/09/14,22:38:38
14,64,2024/07/02,3:14:39
17,157,2023/11/13,18:17:40
24,195,2024/02/24,17:37:27
38,24,2024/07/09,4:27:45
18,134,2024/09/27,14:45:18
42,121,2023/10/06,5:17:29
50,19,2024/03/12,10:59:14
4,162,2024/03/08,21:44:33
27,93,2024/03/28,23:34:21
2,74,2024/08/27,20:22:47
2,145,2024/07/18,20:10:30
12,143,2024/09/21,22:44:04
16,8,2024/03/05,11:24:41
24,199,2023/12/13,16:42:57
22,118,2024/02/29,22:53:33
29,8,2023/12/15,13:37:47
49,8,2024/05/26,8:00:41
34,43,2024/04/07,9:09:22
26,84,2024/02/23,23:33:16
13,24,2024/05/20,13:35:56
1,151,2024/01/23,5:34:38
2,108,2024/07/02,5:41:50
7,37,2023/12/05,15:10:42
32,32,2024/07/10,15:49:05
22,169,2024/02/04,12:38:04
42,141,2023/10/31,17:18:46
18,178,2024/06/28,0:34:10
34,92,2024/06/07,1:27:17
1,177,2024/08/12,18:10:19
31,35,2024/07/22,22:52:28
1,17,2024/09/07,3:15:21
42,9,2024/07/27,13:53:41
31,183,2024/07/13,4:54:24
39,166,2023/11/03,23:58:10
39,191,2024/01/10,21:09:40
1,143,2024/07/22,21:54:40
19,127,2024/04/11,13:34:52
20,128,2024/09/17,4:05:10
17,7,2023/11/11,12:00:41
34,192,2024/01/21,20:52:21
11,26,2023/11/21,21:58:25
36,121,2024/02/27,20:23:35
42,194,2024/05/09,2:00:36
13,3,2024/08/21,11:54:31
33,85,2024/02/07,1:19:15
3,191,2023/11/30,5:55:22
1,94,2023/12/30,19:16:15
39,125,2024/03/19,14:35:10
30,136,2023/10/03,14:51:44
27,10,2024/04/10,9:03:11
